{"cameraMode":{"drawMode":0,"name":"Shaded","section":"Shading Mode"},"sceneLighting":true,"audioPlay":false,"sceneViewState":{"m_AlwaysRefresh":false,"showFog":true,"showSkybox":true,"showFlares":true,"showImageEffects":true,"showParticleSystems":true,"showVisualEffectGraphs":true,"m_FxEnabled":true},"in2DMode":false,"pivot":{"x":-0.12174332141876221,"y":0.2946697473526001,"z":-0.058097004890441897},"rotation":{"x":-0.002861717017367482,"y":0.9967054724693298,"z":-0.04069782793521881,"w":-0.07008253782987595},"size":0.9534362554550171,"orthographic":false}